text_en,text_ru
M,M
X1,X1
A,A
(BY OTHERS),(ДРУГИМИ)
700,700
G,G
APPD BY,УТВЕРДЕНО
DATE,ДАТА
C,C
1,1
150,150
6,6
0,0
900,900
200,200
2025-08-26,2025-08-26
Daru,Дару
HIP,HIP
STEEL BAR FOR FIXING JAMBS,СТАЛЬНЫЙ БАР ДЛЯ КРЕПЛЕНИЯ СТВОРК
ø9×6EA (BY OTHERS),ø9×6EA (ДРУГИМИ)
R1,R1
R2,R2
9,9
X2,X2
3,3
1350,1350
2,2
4,4
5,5
RESD BY,УТВЕРДЕНО
REVISE NO,НОМЕР ИЗМЕНЕНИЯ
REVISION,ИЗМЕНЕНИЕ
7,7
8,8
B,B
D,D
E,E
F,F
H,H
I,I
J,J
K,K
L,L
N,N
O,O
P,P
CHKD BY,ПРОВЕРЕНО
DSND BY,СОГЛАСОВАНО
DWG. NO,НОМЕР ЧЕРТЕЖА
KZ,KZ
LOCATION,МЕСТОПОЛОЖЕНИЕ
MM,MM
N.S,N.S
"PROJ.
NAME",НАЗВАНИЕ ПРОЕКТА
REV. NO,НОМЕР ИЗМЕНЕНИЯ
SCALE,МАСШТАБ
SIGNED,ПОДПИСАНО
TITLE,НАЗВАНИЕ
"The dimensions in the layout drawings are not drawn in a 1:1 ratio, and the use of a scale bar for measurement is prohibited.","Размеры на чертежах не выполнены в масштабе 1:1, и использование масштабной линейки для измерений запрещено."
UNIT,ЕДИНИЦА
王琪,王琪
400,400
MAIN FLOOR ONLY,ТОЛЬКО ГЛАВНЫЙ ЭТАЖ
25,25
(           ),(           )
(           )   FL,(           )   Э
160,160
∅50,∅50
300,300
1500,1500
250,250
CONCRETE OPENING   2550,БЕТОННОЕ ОТКРЫТИЕ   2550
JP050,JP050
ENTRANCE HEIGHT   2400,ВЫСОТА ВХОДА   2400
WORKING AREA FOR MOVING PARTS,РАБОЧАЯ ЗОНА ДЛЯ ДВИЖУЩИХСЯ ЧАСТЕЙ
*ONLY BOTTOM FLOOR,*ТОЛЬКО НИЖНИЙ ЭТАЖ
100,100
1000,1000
1050,1050
240,240
75,75
C / P,C / P
HOISTING HOOK PROJECTION,ВЫСТУП КРАНОВОГО КРЮКА
PIT RESET BOX,КОРПУС СБРОСА ЯМЫ
WALL FINISHED,СТЕНА ЗАВЕРШЕНА
FIREMAN'S SWITCH,ВЫКЛЮЧАТЕЛЬ ПОЖАРНИКА
FILLING BY CONCRETE AFTER TM INSTALLED,ЗАПОЛНЕНИЕ БЕТОНОМ ПОСЛЕ УСТАНОВКИ TM
MACHINE BEAMS,МАШИННЫЕ БАЛКИ
MC. SUPPORT PLATE,ПОДДОН MC.
(BY HDEL),(ПО HDEL)
2025-09-28,2025-09-28
LAMP,ЛАМПА
320,320
"DETAIL ""A""","ДЕТАЛЬ ""A"""
1080*170*10T,1080*170*10T
286,286
875,875
X1-X1,X1-X1
1800,1800
33,33
48,48
600,600
R3,R3
R4,R4
500,500
939,939
R1 CAR BUFFER,БУФЕР АВТОМОБИЛЯ R1
R2 CWT BUFFER,БУФЕР CWT R2
R3 CAR RAIL A,РЕЛЬС А АВТОМОБИЛЯ R3
R4 CAR RAIL B,РЕЛЬС B АВТОМОБИЛЯ R4
R5 CWT RAIL C,РЕЛЬС C CWT R5
R6 CWT RAIL D,РЕЛЬС D CWT R6
沈  解,沈  解
10,10
22,22
27,27
640,640
"CLEAR OPENING
 800","ЧИСТОЕ ОТКРЫТИЕ
 800"
"CONCRETE OPENING 
 1000","ОТКРЫТИЕ БЕТОНА 
 1000"
Ø320,Ø320
325,325
BG   1200,BG   1200
"FIRE SERVICE ACCESS LEVEL
BUILT-IN MICROPHONE","УРОВЕНЬ ДОСТУПА СЛУЖБЫ ПОЖАРНОЙ БЕЗОПАСНОСТИ
ВСТРОЕННЫЙ МИКРОФОН"
FIRE SWITCH,ПОЖАРНЫЙ ВЫКЛЮЧАТЕЛЬ
FIREFIGHTER INTERCO,ИНТЕРКОМ ДЛЯ ПОЖАРНЫХ
HOISTWAY WIDTH   1800,ШИРИНА ШАХТЫ   1800
HYUNDAI,HYUNDAI
LADDER,ЛЕСТНИЦА
MIC,MIC
"WORKING AREA 
IN FRONT OF 
CONTROL  PANEL","РАБОЧАЯ ЗОНА 
ПЕРЕД 
ПАНЕЛЬЮ УПРАВЛЕНИЯ"
170,170
180,180
30,30
825,825
889,889
2200,2200
2700,2700
80,80
BY OTHERS,ДРУГИЕ
CAR BUFFER,БУФЕР КАБИНЫ
"CLEAR OPENING
 1100","ЧИСТОЕ ОТКРЫТИЕ
 1100"
"CONCRETE OPENING 
 1300","БЕТОННОЕ ОТКРЫТИЕ 
 1300"
CWT-BUFFER,CWT-БУФЕР
FL / ST,FL / ST
FLOOR HEIGHT,ВЫСОТА ЭТАЖА
FLOOR NAME,НАЗВАНИЕ ЭТАЖА
HOISTWAY SECTION,СЕКЦИЯ ШАХТЫ
INSPECTION LADDER,ЛЕСТНИЦА ДЛЯ ОСМОТРА
INSPECTION PLUG,ЗАГЛУШКА ДЛЯ ОСМОТРА
"NOTE: IF THE HOISTWAY IS NOT CONCRETE STRUCTURE, PLEASE SET THE RING BEAM OR STEEL BEAM ACCORDDING TO THE SPAN OF RAIL BRACKET(BY OTHERS)。","ПРИМЕЧАНИЕ: ЕСЛИ ШАХТА НЕ ЯВЛЯЕТСЯ БЕТОННОЙ КОНСТРУКЦИЕЙ, ПОЖАЛУЙСТА, УСТАНОВИТЕ КОЛЬЦЕВУЮ БАЛКУ ИЛИ СТАЛЬНУЮ БАЛКУ В СООТВЕТСТВИИ С ПРОТЯЖЕННОСТЬЮ КРЕПЛЕНИЯ РЕЛЬСА (ДРУГИЕ)."
OH ( (       )   FL),OH ( (       )   FL)
"PIT RESERVOIR OR IN LINE WITH 
BUILDING DRAINAGE MEASURES
BY OTHERS","РЕЗЕРВУАР ДЛЯ ЯМЫ ИЛИ В ЛИНИИ С 
МЕРЫ ДЛЯ ДРЕНАЖА ЗДАНИЯ
ДРУГИЕ"
SEALING BY CONCRETE AFTER TM INSTALLED,ГЕРМЕТИЗАЦИЯ БЕТОНОМ ПОСЛЕ УСТАНОВКИ TM
Ø400,Ø400
ø25 STEEL BAR,ø25 СТАЛЬНАЯ ПАЛКА
124,124
275,275
HOISTWAY DEPTH   2100,ГЛУБИНА ШАХТЫ   2100
HOISTWAY WIDTH   2700,ШИРИНА ШАХТЫ   2700
(BY HYUNDAI ELEVATOR),(ОТ HYUNDAI ELEVATOR)
(BY HYUNDAI),(ОТ HYUNDAI)
"* IF FLOOR THICKNESS IS GREATER THAN 80MM, PLEASE INFORM US IN TIME. WE WILL REPLACE THE OTHER TYPE OF SILL SUPPORT.","* ЕСЛИ ТОЛЩИНА ПОЛА БОЛЬШЕ 80 ММ, ПОЖАЛУЙСТА, СООБЩИТЕ НАМ ЗА РАНЕЕ. МЫ ЗАМЕНИМ НА ДРУГОЙ ТИП ОПОРЫ ПОДОКОННИКА."
1000(W)*2000(H),1000(Ш)*2000(В)
1100 X 2400,1100 X 2400
1140,1140
2-PANEL CENTER OPENING,2-ПАНЕЛЬНОЕ ЦЕНТРАЛЬНОЕ ОТКРЫТИЕ
2.5,2.5
20,20
2:1(S),2:1(С)
40,40
41KN,41КН
50,50
84KN,84КН
850,850
A.C 1PH-220-50,А.Ч 1Ф-220-50
A.C 3PH-380-50,А.Ч 3Ф-380-50
ALL FLOOR,ВСЕ ЭТАЖИ
CAPACITY (kg),ВМЕСТИМОСТЬ (кг)
"CAPACITY OF LIGHTING
C.B.(A)","ВМЕСТИМОСТЬ ОСВЕЩЕНИЯ
УЗО (А)"
"CAPACITY OF MAIN
POWER C.B.(A)","ВМЕСТИМОСТЬ ГЛАВНОГО
ЭЛЕКТРОЩИТА (А)"
CAR INTERNAL SIZE (mm),ВНУТРЕННИЙ РАЗМЕР КАБИНЫ (мм)
CONTROL,УПРАВЛЕНИЕ
DOOR OPEN TYPE,ТИП ОТКРЫВАНИЯ ДВЕРИ
DOOR OPENING SIZE (mm),РАЗМЕР ОТКРЫВАНИЯ ДВЕРИ (мм)
DRAWING,ЧЕРТЕЖ
EARTH WIRE (mm²),ЗАЗЕМЛЯЮЩИЙ ПРОВОД (мм²)
EL NO.,ЭЛ №
ELECTRICAL REQUIREMENTS/UNIT (BY OTHERS),ЭЛЕКТРИЧЕСКИЕ ТРЕБОВАНИЯ/ЕДИНИЦА (ДРУГИЕ)
FERRULE,ФЕРУЛА
FINISHED FLOOR,ЗАВЕРШЕННЫЙ ПОЛ
FINISHING FLOOR(BY OTHERS),ОТДЕЛКА ПОЛА (ДРУГИЕ)
FIRE DOOR : EI60(GOST),ПОЖАРНАЯ ДВЕРЬ: EI60 (ГОСТ)
FLOOR/STOP/DOOR,ПОЛ/СТОП/ДВЕРЬ
"HEAT EMISSION OF
MACHINE ROOM (KCal/h)","ТЕПЛОВЫДЕЛЕНИЕ
МАШИННОГО ПОМЕЩЕНИЯ (Ккал/ч)"
HOISTING HOOK 35KN,КРЮК ПОДЪЕМА 35КН
HOISTWAY PLAN,ПЛАН ШАХТЫ
HOLE OF ENTRANCE / PLAN OF ENTRANCE,ОТВЕРСТИЕ ВХОДА / ПЛАН ВХОДА
HOLE OF MACHINE ROOM,ОТВЕРСТИЕ МАШИННОГО ПОМЕЩЕНИЯ
HOLE SIZE,РАЗМЕР ОТВЕРСТИЯ
"IF THE RESCUE METHOD 5.4.3 b) IS USED,
THE RESCUE TOOL IS FIXED
(BY OTHERS)","ЕСЛИ ИСПОЛЬЗУЕТСЯ МЕТОД СПАСЕНИЯ 5.4.3 b),
СПАСАТЕЛЬНЫЙ ИНСТРУМЕНТ ЗАКРЕПЛЕН
(ДРУГИЕ)"
INSPECTION PLUG(BY OTHERS),ПЛУГ ДЛЯ ИНСПЕКЦИИ (ДРУГИЕ)
INSTALLATION OF ELEVATOR LAYOUT PLAN,УСТАНОВКА ПЛАНА РАСПОЛОЖЕНИЯ ЛИФТА
"Interphone wiring requirements (BY OTHERS):
Each elevator control cabinet is wired in series with each other, from one or more elevator control cabinets to the community or building monitoring room, the cable requires the use of RVVS 4*0.75mm2^ . When the wiring length is greater than 1000m, less than or equal to 2000m, it is required to use RVVS 4*1.0mm2^ . When the wiring length is greater than 2000m, less than or equal to 3000m, it is required to use RVVS 4*1.5mm2^  which cannot exceed 3000m.","Требования к проводке интеркома (ДРУГИЕ):
Каждый шкаф управления лифтом соединен последовательно с другими, от одного или нескольких шкафов управления лифтом до комнаты мониторинга сообщества или здания, кабель требует использования RVVS 4*0.75mm2^ . Когда длина проводки превышает 1000м, но меньше или равна 2000м, требуется использовать RVVS 4*1.0mm2^ . Когда длина проводки превышает 2000м, но меньше или равна 3000м, требуется использовать RVVS 4*1.5mm2^ , которая не может превышать 3000м."
LIGHTING POWER,ЭЛЕКТРОСНАБЖЕНИЕ ОСВЕЩЕНИЯ
"LIGHTING POWER
FEEDER (mm²)","ЭЛЕКТРОСНАБЖЕНИЕ ОСВЕЩЕНИЯ
КОРМИТЕЛЬ (мм²)"
LOD EL NO.,НОМЕР ЭЛЕКТРОННОЙ ЗАЯВКИ.
M  HOLE FERRULE,М  ДИРЕКТИВНЫЙ КОЛПАЧОК
M/C ROOM DEVICES HOISTED :,УСТРОЙСТВА В МАШИННОМ ЗАЛЕ ПОДВЕШЕНЫ:
M/C ROOM ENTRANCE(BY OTHERS),ВХОД В МАШИННЫЙ ЗАЛ (ДРУГИЕ)
M/C ROOM FLOOR,ПОЛ МАШИННОГО ЗАЛА
M/C ROOM REACTION,РЕАКЦИЯ МАШИННОГО ЗАЛА
MAIN POWER,ГЛАВНОЕ ЭЛЕКТРОСНАБЖЕНИЕ
"MAIN POWER FEEDER
(mm²)","ГЛАВНОЙ КОРМИТЕЛЬ ЭЛЕКТРОСНАБЖЕНИЯ
(мм²)"
OPERATION,ОПЕРАЦИЯ
PASSENGER,ПАССАЖИР
PLAN OF MACHINE ROOM,ПЛАН МАШИННОГО ЗАЛА
"PLAN OF MACHINE ROOM 
 HOLE OF MACHINE ROOM","ПЛАН МАШИННОГО ЗАЛА 
 ОТВЕРСТИЕ МАШИННОГО ЗАЛА"
PLEASE SET UP THE FAN ACCORDING TO THE HEAT EMISSION,"ПОЖАЛУЙСТА, УСТАНОВИТЕ ВЕНТИЛЯТОР В СООТВЕТСТВИИ С ВЫДЕЛЕНИЕМ ТЕПЛА"
POWER SWITCH(BY OTHERS),ЭЛЕКТРИЧЕСКИЙ ВКЛЮЧАТЕЛЬ (ДРУГИЕ)
REMARK,ЗАМЕЧАНИЕ
ROPES RATIO,Коэффициент канатов
SCM EL NO.,Номер эл. СМ
SILL BRACKET & ANCHOR BOLT,Кронштейн подоконника и анкерный болт
SPEC EL NO.,Номер эл. спецификации
SPECIFICATION,СПЕЦИФИКАЦИЯ
SPEED (m/s),СКОРОСТЬ (м/с)
STOP FLOORS' NAME,ИМЕНА ЭТАЖЕЙ ОСТАНОВКИ
THE SIZE OF MACHINE ROOM WINDOW OR ENTRANCE SHOULD BE LARGER THAN 1200*1200 IF THE ELEVATOR DEVICES  BE TRANSPORTED THROUGH THOSE PASSAGE. (THE CRANE SUPPLIED BY OTHERS) THE OPENNING SIZE SHOULD BE LARGER THAN 1000*1400 IF THOSE DEVICES BE TRANSPORTED THROUGH THE MACHINE ROOM FLOOR VERTICALLY.(BY OTHERS),"РАЗМЕР ОКНА ИЛИ ВХОДА МАШИННОГО ПОМЕЩЕНИЯ ДОЛЖЕН БЫТЬ БОЛЬШЕ 1200*1200, ЕСЛИ ЛИФТОВЫЕ УСТРОЙСТВА ДОЛЖНЫ БЫТЬ ТРАНСПОРТИРОВАНЫ ЧЕРЕЗ ЭТИ ПРОХОДЫ. (КРАН, ПРЕДОСТАВЛЕННЫЙ ДРУГИМИ) РАЗМЕР ОТКРЫТИЯ ДОЛЖЕН БЫТЬ БОЛЬШЕ 1000*1400, ЕСЛИ ЭТИ УСТРОЙСТВА ДОЛЖНЫ БЫТЬ ТРАНСПОРТИРОВАНЫ ВЕРТИКАЛЬНО ЧЕРЕЗ ЭТАЖ МАШИННОГО ПОМЕЩЕНИЯ. (ДРУГИМИ)"
TM MOTOR (kw),Двигатель TM (кВт)
TM ROPE,Канат TM
TRAVEL (mm),ПУТЬ (мм)
USE,USE
VVVF,VVVF
X2-X2,X2-X2
1 FLOOR,1 ЭТАЖ
102,102
115,115
79,79
OTHER FLOOR,ДРУГОЙ ЭТАЖ
5000,5000
1150,1150
1700,1700
4700,4700
EN81-20/50+72,EN81-20/50+72
"- Ø50 HOLE AT FINISH LEVEL + 1050MM,BY OTHERS","- Ø50 ДЫРА НА УРОВНЕ ОТДЕЛКИ + 1050MM, ДРУГИЕ"
1.75,1.75
1100 X 1400,1100 X 1400
12 - 200X200,12 - 200X200
1653,1653
230,230
23KN,23KN
3 - 100X200,3 - 100X200
32,32
380,380
3C-2BC,3C-2BC
470,470
54,54
550,550
55KN,55KN
6 - ø80,6 - ø80
630,630
67,67
779,779
800 X 2400,800 X 2400
BG   800,BG   800
CAR WIDTH   1100,ШИРИНА КАБИНЫ   1100
CLEAR OPENING   800,ЧИСТЫЙ ПРОЁМ   800
CONCRETE OPENING   1000,БЕТОННЫЙ ПРОЁМ   1000
PLATFORM   1150,ПЛАТФОРМА   1150
1850,1850
20 FLOOR / 20 ST,20 ЭТАЖ / 20 СТ
2000,2000
HOISTWAY WIDTH 1800,ШИРИНА ШАХТЫ 1800
CH,CH
12.3,12.3
2100 X 1300,2100 X 1300
3018,3018
386,386
790,790
CAR WIDTH   2100,ШИРИНА АВТОМОБИЛЯ   2100
CLEAR OPENING   1100,ЧИСТЫЙ ПРОЕМ   1100
CONCRETE OPENING   1300,БЕТОННЫЙ ПРОЕМ   1300
EL NO. (L007009),EL NO. (L007009)
EL NO. (L010011),EL NO. (L010011)
EL NO. (L012014),EL NO. (L012014)
EL NO. (L015017),EL NO. (L015017)
EL NO. (L018019),EL NO. (L018019)
L001,L001
L006,L006
L014,L014
L017,L017
"LAMP OF HOISTWAY(1.0 M ABOVE CAR ROOF OR PIT FLOOR ≥ 50 LUX, OTHER LOCATIONS ≥ 20 LUX)","ЛАМПА ШАХТЫ (1.0 М НАД КРЫШКОЙ АВТОМОБИЛЯ ИЛИ ПОЛОМ ЯМЫ ≥ 50 ЛК, ДРУГИЕ МЕСТА ≥ 20 ЛК)"
M/C ROOM H ≥,М/К ПОМЕЩЕНИЕ H ≥
"OH,LAMP","OH,ЛАМПА"
OVERHEAD,НАДГОЛОВНЫЙ
PIT,PIT
PLATFORM   2150,ПЛАТФОРМА   2150
TOTAL HEIGHT,ОБЩАЯ ВЫСОТА
TRAVEL,ХОД
1080,1080
390,390
436,436
45≤H≤80,45≤H≤80
535,535
545,545
710,710
739,739
BG   2200,BG   2200
CAR DEPTH   1300,ГЛУБИНА КАБИНЫ   1300
EL NO. (L004006),ЭЛ. НОМЕР (L004006)
HOISTWAY WIDTH 2700,ШИРИНА ШАХТЫ 2700
L005,L005
L007,L007
L009,L009
PLATFORM   1449,ПЛАТФОРМА   1449
REACTION (KN),РЕАКЦИЯ (КН)
REV,REV
≥100,≥100
2500,2500
1~20,1~20
20 / 20 / 20,20 / 20 / 20
31200,31200
586,586
63,63
760,760
789,789
CAR DEPTH   1400,ГЛУБИНА КАБИНЫ   1400
L002,L002
L003,L003
L008,L008
L012,L012
L013,L013
L015,L015
L016,L016
L018,L018
L019,L019
PLATFORM   1549,ПЛАТФОРМА   1549
1375,1375
61800,61800
65250,65250
65400,65400
HOISTWAY DEPTH 2100,ГЛУБИНА ШАХТЫ 2100
L001 REACTION (KN),L001 РЕАКЦИЯ (КН)
L002003 REACTION (KN),L002003 РЕАКЦИЯ (КН)
L004,L004
MACHINE ROOM DEPTH   4100,ГЛУБИНА МАШИННОГО ПОМЕЩЕНИЯ   4100
RAIL PITCH(FROM TOP TO BOTTOM) 5000 X 13 = 65000,УГОЛ РЕЛЬСА (СВЕРХУ ВНИЗ) 5000 X 13 = 65000
1 - 100X200,1 - 100X200
1.5,1.5
10.6,10.6
1100*170*10T,1100*170*10T
16,16
1600,1600
1800 X 1350,1800 X 1350
190,190
2 - ø80,2 - ø80
2587,2587
336,336
4 - 200X200,4 - 200X200
44,44
5050,5050
536,536
65100,65100
68850,68850
714,714
914,914
EL NO. (L001001),EL NO. (L001001)
EL NO. (L001003),EL NO. (L001003)
L004005 REACTION (KN),L004005 РЕАКЦИЯ (КН)
L006 REACTION (KN),L006 РЕАКЦИЯ (КН)
L010011,L010011
L018019,L018019
X3,X3
X4,X4
Y,Y
☆The car area does not conform to EN CODE,☆Площадь автомобиля не соответствует EN CODE
251,251
689,689
925,925
974,974
HOISTWAY DEPTH   2300,ГЛУБИНА ШАХТЫ   2300
MACHINE ROOM WIDTH   7400,ШИРИНА МАШИННОГО ПОМЕЩЕНИЯ   7400
255,255
350,350
400*170*10T,400*170*10T
"- CAR RAIL		:    T82/B
- CWT RAIL		:    TD65_2.5

- EN81-20/50+72
- ADDITIONAL WEIGHT:100KG(INCLUDE CAR FLOOR)","- РЕЛЬС АВТОМОБИЛЯ		:    T82/B
- РЕЛЬС CWT		:    TD65_2.5

- EN81-20/50+72
- ДОПОЛНИТЕЛЬНЫЙ ВЕС:100КГ(ВКЛЮЧАЯ ПОЛ АВТОМОБИЛЯ)"
"- CAR RAIL		:    T82/B
- CWT RAIL		:    TD65_2.5
- ADDITIONAL WEIGHT:100KG(INCLUDE CAR FLOOR)","- РЕЛЬС АВТОМОБИЛЯ		:    T82/B
- РЕЛЬС CWT		:    TD65_2.5
- ДОПОЛНИТЕЛЬНЫЙ ВЕС:100КГ(ВКЛЮЧАЯ ПОЛ АВТОМОБИЛЯ)"
10 / 10 / 10,10 / 10 / 10
10 FLOOR / 10 ST,10 ЭТАЖ / 10 ПОДЪЕЗД
104,104
1154,1154
15.4,15.4
17 / 17 / 17,17 / 17 / 17
17 FLOOR / 17 ST,17 ЭТАЖ / 17 ПОДЪЕЗД
19 / 19 / 19,19 / 19 / 19
19 FLOOR / 19 ST,19 ЭТАЖ / 19 ПОДЪЕЗД
1C-2BC,1C-2BC
1~17,1~17
21 / 21 / 21,21 / 21 / 21
2100 X 1400,2100 X 1400
2C-2BC,2C-2BC
3543,3543
357.5,357.5
4900,4900
5200,5200
55200,55200
71800,71800
736,736
A-A,A-A
BETWEEN EACH STEEL BEAM,МЕЖДУ КАЖДЫМ СТАЛЬНЫМ БРУСОМ
BOLT CONNECTION,СОЕДИНЕНИЕ БОЛТАМИ
BRACKET,КРОНШТЕЙН
HOISTING HOOK 40KN,КРАНОВЫЙ КУК 40KN
HOISTWAY DEPTH   2000,ГЛУБИНА ШАХТЫ   2000
HOISTWAY WIDTH   1825,ШИРИНА ШАХТЫ   1825
HOISTWAY WIDTH   2725,ШИРИНА ШАХТЫ   2725
HOLE POSITION,ПОЗИЦИЯ ДЛЯ ДЫРЫ
L001003,L001003
L0015016,L0015016
L002003,L002003
L004005,L004005
L004006,L004006
L007009,L007009
L012013,L012013
L012014,L012014
L015017,L015017
"LOAD,CB，EN81-20/50+72","НАГРУЗКА,CB，EN81-20/50+72"
MACHINE ROOM WIDTH   7300,ШИРИНА МАШИННОГО ПОМЕЩЕНИЯ   7300
"P,1~18","P,1~18"
"P,1~20","P,1~20"
"P,1~9","P,1~9"
PROTECTION GRID SHOULD BE INSTALLED,СЕТКА ЗАЩИТЫ ДОЛЖНА БЫТЬ УСТАНОВЛЕНА
PROTECTIVE NET,ЗАЩИТНАЯ СЕТКА
STEEL BEAM BY OTHERS,СТАЛЬНАЯ БАЛКА ОТ ДРУГИХ
STEEL PLATE(BY OTHERS),СТАЛЬНАЯ ПЛИТА (ОТ ДРУГИХ)
X3-X3,X3-X3
X4-X4,X4-X4
Y-Y,Y-Y
☆The car area does not conform to EN CODE(L001),☆Зона для автомобилей не соответствует EN CODE (L001)
☆The car area does not conform to EN CODE(L006),☆Зона для автомобилей не соответствует EN CODE (L006)
☆The car area does not conform to EN CODE(L007),☆Зона для автомобилей не соответствует EN CODE (L007)
☆The car area does not conform to EN CODE(L014),☆Зона для автомобилей не соответствует EN CODE (L014)
☆The car area does not conform to EN CODE(L017),☆Зона для автомобилей не соответствует EN CODE (L017)
"1. The working environment requirements of the elevator are as follows: 
1.1 The ambient temperature of the TCWA (working area of main equipment such as traction machine and control system) shall be kept between 5℃ and 40 ℃. 
1.2 The ambient relative humidity shall not be greater than 85% (at 25 ℃). 
1.3 The working environment of elevator shall be free of explosion, gas and conductive dust that can corrode metal and damage insulation. 
1.4 The fluctuation of power supply voltage shall be within ± 7%. 
2. TCWA: 
2.1 The floor of TCWA shall be able to bear the load of equipment installation and operation. 
2.2 The ground of TCWA shall be made of materials that are non slip and not easy to generate dust. 2.3 The supporting length of the traction machine beam shall exceed the wall thickness center by 20mm and shall not be less than 150mm. 
2.4 The ground of TCWA should be flat, the doors and windows should be weatherproof, the passage shall be unblocked. The door of machine room with machine room elevator shall be locked. The outside of the door shall be provided with a notice including the following short words: ""Elevator traction machine - danger, no entry without permission"". 
2.5 When the ground height of the machine room with machine room elevators is different and the difference is more than 0.5m, stairs or steps shall be set and guardrails shall be set. 
2.6 Any pit or any groove on the machine room floor with a depth of more than 0.5m and a width of less than 0.5m shall be covered.The reserved holes in the machine room shall be effectively covered and protected to prevent sundries from falling into the hoistway or personnel from stepping into the hoistway. 
2.7 In order to prevent objects from passing through the openings above the hoistway, including the danger of falling through the openings for cables, a ring frame must be used, which should protrude at least 50mm from the floor or the finished ground. 
2.8 The machine room must be well ventilated. The stale air drawn from other parts of the building shall not be discharged into the machine room. 
2.9 When the functions of buildings are required (such as hospitals, schools, libraries, residences, etc.), the walls, floors and roofs of TCWA should be able to absorb a large amount of noise generated during elevator operation. 
2.10 The maximum allowable load shall be indicated on the bearing beam and hook. 
2.11 Each elevator in TCWA shall be firmly installed with a switch that can cut off the main power supply of the elevator. Its capacity can cut off the maximum current of the elevator when it is in use, but the switch shall not cut off the following power supply circuits: 
a. Car lighting and ventilation; 				b. Car roof power socket; 
c. Lighting of elevator TCWA; 				d. Power socket in TCWA; 
e. Elevator hoistway lighting; 				f. Alarm device. 
2.12 The main power switch shall be installed on the wall 1.3~1.5m above the ground at the entrance of the machine room (elevator with machine room) or within 3m of the control cabinet (elevator without machine room). If several","1. Требования к рабочей среде лифта следующие: 
1.1 Температура окружающей среды TCWA (рабочая зона основного оборудования, такого как тяговая машина и система управления) должна поддерживаться в пределах от 5℃ до 40℃. 
1.2 Относительная влажность воздуха не должна превышать 85% (при 25℃). 
1.3 Рабочая среда лифта должна быть свободна от взрывчатых веществ, газов и проводящей пыли, которые могут корродировать металл и повредить изоляцию. 
1.4 Колебания напряжения электропитания должны находиться в пределах ± 7%. 
2. TCWA: 
2.1 Пол TCWA должен выдерживать нагрузку установки и эксплуатации оборудования. 
2.2 Пол TCWA должен быть выполнен из материалов, которые не скользят и не подвержены образованию пыли. 
2.3 Поддерживающая длина балки тяговой машины должна превышать центр толщины стены на 20 мм и не должна быть менее 150 мм. 
2.4 Пол TCWA должен быть ровным, двери и окна должны быть защищены от погодных условий, проходы должны быть свободными. Дверь машинного помещения с лифтом должна быть заперта. Снаружи двери должно быть размещено уведомление, содержащее следующие короткие слова: ""Тяговая машина лифта - опасность, вход без разрешения запрещен"". 
2.5 Когда высота пола машинного помещения с лифтами различна и разница превышает 0,5 м, должны быть установлены лестницы или ступени и ограждения. 
2.6 Любая яма или любой желоб на полу машинного помещения с глубиной более 0,5 м и шириной менее 0,5 м должны быть закрыты. Зарезервированные отверстия в машинном помещении должны быть эффективно закрыты и защищены, чтобы предотвратить падение посторонних предметов в шахту или попадание людей в шахту. 
2.7 Для предотвращения прохода предметов через отверстия над шахтой, включая опасность падения через отверстия для кабелей, необходимо использовать кольцевую раму, которая должна выступать не менее чем на 50 мм от пола или готового покрытия. 
2.8 Машинное помещение должно быть хорошо вентилируемым. Застойный воздух, вытягиваемый из других частей здания, не должен сбрасываться в машинное помещение. 
2.9 Когда требуются функции зданий (таких как больницы, школы, библиотеки, жилые дома и т. д.), стены, полы и крыши TCWA должны быть способны поглощать большое количество шума, возникающего во время работы лифта. 
2.10 Максимально допустимая нагрузка должна быть указана на несущей балке и крюке. 
2.11 Каждый лифт в TCWA должен быть надежно установлен с выключателем, который может отключить основное электропитание лифта. Его мощность может отключить максимальный ток лифта во время работы, но выключатель не должен отключать следующие цепи электропитания: 
a. Освещение и вентиляция кабины; 				b. Электрическая розетка на крыше кабины; 
c. Освещение TCWA лифта; 				d. Электрическая розетка в TCWA; 
e. Освещение шахты лифта; 				f. Сигнальное устройство. 
2.12 Главный выключатель питания должен быть установлен на стене на высоте 1,3~1,5 м над полом у входа в машинное помещение (лифт с машинным помещением) или в пределах 3 м от контрольного шкафа (лифт без машинного помещения). Если несколько"
1100,1100
158,158
185,185
"2.14 One or more power sockets shall be set in TCWA. The power supply shall be taken from the lighting circuit described in 2.15. These sockets are 2P+PE 250V. 
2.15 The power supply and lighting power supply shall be separated and sent to the wall beside the machine room door of the elevator with machine room or the control cabinet of the elevator without machine room, or the lighting power supply shall be obtained by connecting to the incoming side of the main power switch described in Article 2.11. 
2.16 The distribution board shall be equipped with grounding bus (PE) and neutral bus (N). It is recommended to use resin board, laminate and other insulating materials for the distribution board, and the thickness should not be less than 8mm. The distribution board shall not adopt exposed wiring. 
2.17 The earth wire (PE) and the neutral wire (N) shall always be separated. 
3. Hoistway 
3.1 The hoistway of each elevator is completely enclosed by a non porous wall, bottom plate and top plate. Only the following openings are allowed: 
a. Landing door opening; 
b. The opening of access door, safety door and maintenance trap door leading to the hoistway; 
c. Exhaust vents for gas and smoke removal in case of fire; 
d. Vents; 
e. Permanent opening between hoistway and machine room. f. If the hoistway is partially closed, please contact to Hyundai Elevator Company. 
3.2 The wall, bottom and top plate of the hoistway shall have sufficient mechanical strength, and shall be made of solid and non combustible materials, which shall not contribute to the generation of dust. It is recommended to use full reinforced concrete hoistway. 
3.3 When the distance between two adjacent door sills exceeds 11m, an emergency door (provided by the customer) shall be set between them to ensure that the distance between adjacent sills does not exceed 11m. 
3.4 The height and width of the emergency exit shall not be less than 1.8m and 0.6m respectively. The height of the access door shall not be less than 2m and the width shall not be less than 0.8m. The height and width of the maintenance trap door shall not be greater than 0.5m, and they shall not be opened towards the hoistway. 
3.5 Access doors, safety doors and access trap doors shall be equipped with locks that can be opened with a key. When the door is opened, it can also be closed and locked without a key. Even if the access door and safety door are locked, they can be opened from the hoistway without a key. 3.6 The access door, safety door and access trap door shall be non porous and have the same mechanical strength as the landing door. 
3.7 The specified horizontal dimension of elevator hoistway is the minimum clearance dimension measured by plumb. The allowable deviation value is: 0~+25mm when the hoistway height TH ≤ 30m; 0~+35mm for hoistways with a height of 30m ＜ TH ≤ 60m; 0~+50mm when the hoistway height  is 60m ＜TH ≤ 200m; 
3.8 When multiple elevators are installed in the same hoistway, a guard fence shall be set between different elevator moving parts (car or counterweight) at the lower part of the hoistway, and the height shall extend from the lowest point of the car or counterweight travel to 2.5m above the pit floor. If the horizontal distance between moving parts is less than 0.5m, the guardrail shall run through the whole hoistway. 
3.9 If the hoistway wall is a non full concrete structure, the 0.3m high concrete ring beam shall be set in the hoistway at intervals of guide rail brackets, and the 0.3m high concrete lintel (the same width as the hoistway) shall be set on the entrance wall of each landing floor station at+100mm above the","2.14 В TCWA должно быть установлено одно или несколько электрических розеток. Электропитание должно быть взято из цепи освещения, описанной в 2.15. Эти розетки 2P+PE 250V. 
2.15 Электропитание и освещение должны быть разделены и поданы на стену рядом с дверью машинного помещения лифта с машинным помещением или контрольным шкафом лифта без машинного помещения, или электропитание освещения должно быть получено путем подключения к входной стороне главного выключателя, описанного в пункте 2.11. 
2.16 Распределительный щит должен быть оснащен заземляющим шиной (PE) и нейтральной шиной (N). Рекомендуется использовать смоляные панели, ламинат и другие изоляционные материалы для распределительного щита, а толщина не должна быть менее 8 мм. Распределительный щит не должен использовать открытое проводку. 
2.17 Заземляющий провод (PE) и нейтральный провод (N) всегда должны быть разделены. 
3. Шахта 
3.1 Шахта каждого лифта полностью закрыта непроницаемой стеной, нижней и верхней плитами. Разрешены только следующие отверстия: 
a. Открытие двери выхода; 
b. Открытие двери доступа, защитной двери и люка для обслуживания, ведущего в шахту; 
c. Вентиляционные отверстия для удаления газа и дыма в случае пожара; 
d. Вентиляционные отверстия; 
e. Постоянное отверстие между шахтой и машинным помещением. f. Если шахта частично закрыта, пожалуйста, свяжитесь с компанией Hyundai Elevator. 
3.2 Стена, нижняя и верхняя плиты шахты должны иметь достаточную механическую прочность и быть выполнены из твердых и несгораемых материалов, которые не способствуют образованию пыли. Рекомендуется использовать полностью армированную бетонную шахту. 
3.3 Когда расстояние между двумя соседними порогами дверей превышает 11 м, между ними должна быть установлена аварийная дверь (предоставленная заказчиком), чтобы обеспечить, чтобы расстояние между соседними порогами не превышало 11 м. 
3.4 Высота и ширина аварийного выхода не должны быть менее 1,8 м и 0,6 м соответственно. Высота двери доступа не должна быть менее 2 м, а ширина не должна быть менее 0,8 м. Высота и ширина люка для обслуживания не должны превышать 0,5 м, и они не должны открываться в сторону шахты. 
3.5 Двери доступа, защитные двери и люки доступа должны быть оснащены замками, которые можно открыть ключом. Когда дверь открыта, ее также можно закрыть и запереть без ключа. Даже если двери доступа и защитные двери заперты, их можно открыть из шахты без ключа. 3.6 Двери доступа, защитные двери и люки доступа должны быть непроницаемыми и иметь такую же механическую прочность, как и двери выхода. 
3.7 Указанный горизонтальный размер шахты лифта является минимальным размером зазора, измеренным отвесом. Допустимое отклонение: 0~+25 мм, когда высота шахты TH ≤ 30 м; 0~+35 мм для шахт с высотой 30 м < TH ≤ 60 м; 0~+50 мм, когда высота шахты 60 м < TH ≤ 200 м; 
3.8 Когда несколько лифтов установлены в одной шахте, между различными движущими частями лифта (кабиной или противовесом) в нижней части шахты должно быть установлено защитное ограждение, высота которого должна простираться от самой низкой точки движения кабины или противовеса до 2,5 м над полом ямы. Если горизонтальное расстояние между движущими частями менее 0,5 м, ограждение должно проходить через всю шахту. 
3.9 Если стена шахты не является полноценно бетонной конструкцией, в шахте на интервалах опорных кронштейнов направляющих должны быть установлены бетонные кольцевые балки высотой 0,3 м, а на входной стене каждой станции этажа должны быть установлены бетонные перемычки высотой 0,3 м (такой же ширины, как шахта) на +100 мм выше"
21 FLOOR / 21 ST,21 ЭТАЖ / 21-Й
2300,2300
278,278
310,310
37500,37500
37800,37800
4000,4000
425,425
4270,4270
450,450
51,51
557.5,557.5
563.5,563.5
61500,61500
616.5,616.5
635,635
657,657
68400,68400
68700,68700
71500,71500
71650,71650
71950,71950
72000,72000
72100,72100
72150,72150
725,725
75250,75250
75550,75550
815,815
A5080562C-L001001-04,A5080562C-L001001-04
A5080562C-L001003-01,A5080562C-L001003-01
A5080562C-L001003-02,A5080562C-L001003-02
A5080562C-L001003-03,A5080562C-L001003-03
A5080562C-L002003-05,A5080562C-L002003-05
A5080562C-L004005-04,A5080562C-L004005-04
A5080562C-L004006-01,A5080562C-L004006-01
A5080562C-L004006-02,A5080562C-L004006-02
A5080562C-L004006-03,A5080562C-L004006-03
A5080562C-L006006-05,A5080562C-L006006-05
A5080562C-L007009-01,A5080562C-L007009-01
A5080562C-L007009-02,A5080562C-L007009-02
A5080562C-L007009-03,A5080562C-L007009-03
A5080562C-L007009-04,A5080562C-L007009-04
A5080562C-L010011-01,A5080562C-L010011-01
A5080562C-L010011-02,A5080562C-L010011-02
A5080562C-L010011-03,A5080562C-L010011-03
A5080562C-L010011-04,A5080562C-L010011-04
A5080562C-L012014-01,A5080562C-L012014-01
A5080562C-L012014-02,A5080562C-L012014-02
A5080562C-L012014-03,A5080562C-L012014-03
A5080562C-L012014-04,A5080562C-L012014-04
A5080562C-L015017-01,A5080562C-L015017-01
A5080562C-L015017-02,A5080562C-L015017-02
A5080562C-L015017-03,A5080562C-L015017-03
A5080562C-L015017-04,A5080562C-L015017-04
A5080562C-L018019-01,A5080562C-L018019-01
A5080562C-L018019-02,A5080562C-L018019-02
A5080562C-L018019-03,A5080562C-L018019-03
A5080562C-L018019-04,A5080562C-L018019-04
A5080683A-L001001-02,A5080683A-L001001-02
A5080683A-L001001-03,A5080683A-L001001-03
A5080683A-L001001-04,A5080683A-L001001-04
A5080683A-L001003-01,A5080683A-L001003-01
A5080683A-L004006-01,A5080683A-L004006-01
A5080683A-L004006-02,A5080683A-L004006-02
A5080683A-L004006-03,A5080683A-L004006-03
A5080683A-L004006-04,A5080683A-L004006-04
A5080683A-L007009-01,A5080683A-L007009-01
A5080683A-L007009-02,A5080683A-L007009-02
A5080683A-L007009-03,A5080683A-L007009-03
A5080683A-L007009-04,A5080683A-L007009-04
A5080683A-L010011-01,A5080683A-L010011-01
A5080683A-L010011-02,A5080683A-L010011-02
A5080683A-L010011-03,A5080683A-L010011-03
A5080683A-L010011-04,A5080683A-L010011-04
A5080683A-L012014-01,A5080683A-L012014-01
A5080683A-L012014-02,A5080683A-L012014-02
A5080683A-L012014-03,A5080683A-L012014-03
A5080683A-L012014-04,A5080683A-L012014-04
A5080683A-L015017-01,A5080683A-L015017-01
A5080683A-L015017-02,A5080683A-L015017-02
A5080683A-L015017-03,A5080683A-L015017-03
A5080683A-L015017-04,A5080683A-L015017-04
A5080683A-L018019-01,A5080683A-L018019-01
A5080683A-L018019-02,A5080683A-L018019-02
A5080683A-L018019-03,A5080683A-L018019-03
A5080683A-L018019-04,A5080683A-L018019-04
BG   2228,BG   2228
CLEAR OPENING 800(min),ЧИСТОЕ ОТКРЫТИЕ 800(мин)
EL NO. (L002003),ЭЛ. НОМЕР (L002003)
EL NO. (L004005),ЭЛ. НОМЕР (L004005)
EL NO. (L006006),ЭЛ. НОМЕР (L006006)
HH,HH
HOISTWAY DEPTH 2000,ГЛУБИНА ШАХТЫ 2000
HOISTWAY DEPTH 2300,ГЛУБИНА ШАХТЫ 2300
HOISTWAY WIDTH 1825,ШИРИНА ШАХТЫ 1825
HOISTWAY WIDTH 2725,ШИРИНА ШАХТЫ 2725
"L001
- CAR RAIL		:    T82/B
- CWT RAIL		:    TD65_2.5
L002003
- CAR RAIL		:    8K
- CWT RAIL		:    TD60_1.5
- ADDITIONAL WEIGHT:100KG(INCLUDE CAR FLOOR)","L001
- РЕЛЬС ДЛЯ КАБИНЫ		:    T82/B
- РЕЛЬС CWT		:    TD65_2.5
L002003
- РЕЛЬС ДЛЯ КАБИНЫ		:    8K
- РЕЛЬС CWT		:    TD60_1.5
- ДОПОЛНИТЕЛЬНЫЙ ВЕС:100КГ(ВКЛЮЧАЯ ПОЛ КАБИНЫ)"
"L001
- CAR RAIL		:    T89_1
- CWT RAIL		:    TD65_2.5
L002003
- CAR RAIL		:    8K
- CWT RAIL		:    TD60_1.5

- EN81-20/50+72
- ADDITIONAL WEIGHT:100KG(INCLUDE CAR FLOOR)","L001
- РЕЛЬС ДЛЯ КАБИНЫ		:    T89_1
- РЕЛЬС CWT		:    TD65_2.5
L002003
- РЕЛЬС ДЛЯ КАБИНЫ		:    8K
- РЕЛЬС CWT		:    TD60_1.5

- EN81-20/50+72
- ДОПОЛНИТЕЛЬНЫЙ ВЕС:100КГ(ВКЛЮЧАЯ ПОЛ КАБИНЫ)"
"L006
- CAR RAIL		:      T89_1
- CWT RAIL		:    TD65_2.5
L004005
- CAR RAIL		:    8K
- CWT RAIL		:    TD60_1.5

- EN81-20/50+72
- ADDITIONAL WEIGHT:100KG(INCLUDE CAR FLOOR)","L006
- РЕЛЬС ДЛЯ КАБИНЫ		:      T89_1
- РЕЛЬС CWT		:    TD65_2.5
L004005
- РЕЛЬС ДЛЯ КАБИНЫ		:    8K
- РЕЛЬС CWT		:    TD60_1.5

- EN81-20/50+72
- ДОПОЛНИТЕЛЬНЫЙ ВЕС:100КГ(ВКЛЮЧАЯ ПОЛ КАБИНЫ)"
"L006
- CAR RAIL		:    T82/B
- CWT RAIL		:    TD65_2.5
L004005
- CAR RAIL		:    8K
- CWT RAIL		:    TD60_1.5
- ADDITIONAL WEIGHT:100KG(INCLUDE CAR FLOOR)","L006
- РЕЛЬС ДЛЯ КАБИНЫ		:    T82/B
- РЕЛЬС CWT		:    TD65_2.5
L004005
- РЕЛЬС ДЛЯ КАБИНЫ		:    8K
- РЕЛЬС CWT		:    TD60_1.5
- ДОПОЛНИТЕЛЬНЫЙ ВЕС:100КГ(ВКЛЮЧАЯ ПОЛ КАБИНЫ)"
"L007
- CAR RAIL		:    T82/B
- CWT RAIL		:    TD65_2.5
L008009
- CAR RAIL		:    8K
- CWT RAIL		:    TD60_1.5

- EN81-20/50+72
- ADDITIONAL WEIGHT:100KG(INCLUDE CAR FLOOR)","L007
- РЕЛЬС ДЛЯ КАБИНЫ		:    T82/B
- РЕЛЬС CWT		:    TD65_2.5
L008009
- РЕЛЬС ДЛЯ КАБИНЫ		:    8K
- РЕЛЬС CWT		:    TD60_1.5

- EN81-20/50+72
- ДОПОЛНИТЕЛЬНЫЙ ВЕС:100КГ(ВКЛЮЧАЯ ПОЛ КАБИНЫ)"
"L007
- CAR RAIL		:    T82/B
- CWT RAIL		:    TD65_2.5
L008009
- CAR RAIL		:    8K
- CWT RAIL		:    TD60_1.5
- ADDITIONAL WEIGHT:100KG(INCLUDE CAR FLOOR)","L007
- РЕЛЬС ДЛЯ КАБИНЫ		:    T82/B
- РЕЛЬС CWT		:    TD65_2.5
L008009
- РЕЛЬС ДЛЯ КАБИНЫ		:    8K
- РЕЛЬС CWT		:    TD60_1.5
- ДОПОЛНИТЕЛЬНЫЙ ВЕС:100КГ(ВКЛЮЧАЯ ПОЛ КАБИНЫ)"
L007008,L007008
L008009,L008009
"L014
- CAR RAIL		:    T82/B
- CWT RAIL		:    TD65_2.5
L012013
- CAR RAIL		:    8K
- CWT RAIL		:    TD60_1.5

- EN81-20/50+72
- ADDITIONAL WEIGHT:100KG(INCLUDE CAR FLOOR)","L014
- РЕЛЬС ДЛЯ КАБИНЫ		:    T82/B
- РЕЛЬС CWT		:    TD65_2.5
L012013
- РЕЛЬС ДЛЯ КАБИНЫ		:    8K
- РЕЛЬС CWT		:    TD60_1.5

- EN81-20/50+72
- ДОПОЛНИТЕЛЬНЫЙ ВЕС:100КГ(ВКЛЮЧАЯ ПОЛ КАБИНЫ)"
"L014
- CAR RAIL		:    T82/B
- CWT RAIL		:    TD65_2.5
L012013
- CAR RAIL		:    8K
- CWT RAIL		:    TD60_1.5
- ADDITIONAL WEIGHT:100KG(INCLUDE CAR FLOOR)","L014
- РЕЛЬС ДЛЯ КАБИНЫ		:    T82/B
- РЕЛЬС CWT		:    TD65_2.5
L012013
- РЕЛЬС ДЛЯ КАБИНЫ		:    8K
- РЕЛЬС CWT		:    TD60_1.5
- ДОПОЛНИТЕЛЬНЫЙ ВЕС:100КГ(ВКЛЮЧАЯ ПОЛ КАБИНЫ)"
"L017
- CAR RAIL		:    T82/B
- CWT RAIL		:    TD65_2.5
L015016
- CAR RAIL		:    8K
- CWT RAIL		:    TD60_1.5

- EN81-20/50+72
- ADDITIONAL WEIGHT:100KG(INCLUDE CAR FLOOR)","L017
- РЕЛЬС ДЛЯ КАБИНЫ		:    T82/B
- РЕЛЬС CWT		:    TD65_2.5
L015016
- РЕЛЬС ДЛЯ КАБИНЫ		:    8K
- РЕЛЬС CWT		:    TD60_1.5

- EN81-20/50+72
- ДОПОЛНИТЕЛЬНЫЙ ВЕС:100КГ(ВКЛЮЧАЯ ПОЛ КАБИНЫ)"
"L017
- CAR RAIL		:    T82/B
- CWT RAIL		:    TD65_2.5
L015016
- CAR RAIL		:    8K
- CWT RAIL		:    TD60_1.5
- ADDITIONAL WEIGHT:100KG(INCLUDE CAR FLOOR)","L017
- РЕЛЬС ДЛЯ КАБИНЫ		:    T82/B
- РЕЛЬС CWT		:    TD65_2.5
L015016
- РЕЛЬС ДЛЯ КАБИНЫ		:    8K
- РЕЛЬС CWT		:    TD60_1.5
- ДОПОЛНИТЕЛЬНЫЙ ВЕС:100КГ(ВКЛЮЧАЯ ПОЛ КАБИНЫ)"
MACHINE ROOM DEPTH   4000,ГЛУБИНА МАШИННОГО ПОМЕЩЕНИЯ   4000
MACHINE ROOM DEPTH   4300,ГЛУБИНА МАШИННОГО ПОМЕЩЕНИЯ   4300
MACHINE ROOM WIDTH   3300,ШИРИНА МАШИННОГО ПОМЕЩЕНИЯ   3300
MACHINE ROOM WIDTH   6200,ШИРИНА МАШИННОГО ПОМЕЩЕНИЯ   6200
OH,OH
RAIL BRACKET PITCH(FROM TOP TO BOTTOM) 1400X2+1500+1000+1500X6+1000+1500X6+1000+1500X6+1000+1500X6+1000+1500X6+1000+1500X6+1200+1500X3+1000=71000,ШАГ КРЕПЛЕНИЯ РЕЛЬСА (СВЕРХУ ВНИЗ) 1400X2+1500+1000+1500X6+1000+1500X6+1000+1500X6+1000+1500X6+1000+1500X6+1000+1500X6+1200+1500X3+1000=71000
RAIL BRACKET PITCH(FROM TOP TO BOTTOM) 1500X3+1000+1500X6+1000+1500X6+1000+1500X6+1000+1500X6+1000+1500X6+1000+1500X6+1200+1500X3+1000=71200,ШАГ КРЕПЛЕНИЯ РЕЛЬСА (СВЕРХУ ВНИЗ) 1500X3+1000+1500X6+1000+1500X6+1000+1500X6+1000+1500X6+1000+1500X6+1000+1500X6+1200+1500X3+1000=71200
RAIL PITCH(FROM TOP TO BOTTOM) 5000 X 11 = 55000,УГОЛЬНЫЙ УГОЛ (СВЕРХУ ВНИЗ) 5000 X 11 = 55000
RAIL PITCH(FROM TOP TO BOTTOM) 5000 X 14 = 70000,УГОЛЬНЫЙ УГОЛ (СВЕРХУ ВНИЗ) 5000 X 14 = 70000
TECHNICAL CONDITIONS OF ELEVATOR LAYOUT DRAWING,ТЕХНИЧЕСКИЕ УСЛОВИЯ ЧЕРТЕЖА РАСПОЛОЖЕНИЯ ЛИФТА
WIDTH:1100 (min),ШИРИНА: 1100 (мин)
"horizontal opening height of the ground. It can also be replaced by steel beams with corresponding strength. If the hoistway wall is a solid concrete structure, no ring beam is required, and the minimum thickness of the hoistway wall is 0.15 m. 
3.10 The elevator hoistway shall be used exclusively for elevators, and no equipment, cables, etc. irrelevant to elevators shall be installed in the hoistway. 
3.11 The hoistway shall be equipped with permanent electrical lighting, which can be illuminated even when the doors are closed during maintenance and repair. Illumination requirements: ≥ 50lx at 1m above the car roof and pit floor, ≥ 20lx at other areas. The hoistway lighting wiring shall not be exposed with plastic sheathed wire. 
4. Pit
4.1 The lower part of the hoistway shall be provided with a pit and drainage device. The pit shall not leak or seep, and the bottom of the pit shall be smooth and flat. 
4.2 The elevator hoistway should not be set on the space that people can reach. If there is space for people to reach under the lift car or counterweight, the bottom of the hoistway pit shall be designed with a minimum load of 5000 N/m2, and the counterweight buffer shall be installed on the solid pile pier extending to the firm ground. 
4.3 In order to facilitate the maintenance personnel to enter the pit safely, a permanent vertical ladder device shall be set in the pit to enter the pit from the landing door. This device shall be fixed on the wall of the pit and shall not protrude into the space for elevator operation. 
4.4 A power socket shall be set in the pit (the same as Article 2.14). 
4.5 When the depth of the pit is greater than 2500mm, it is recommended that customers take by themself own maintenance platform for easy inspection and maintenance.
5. Landing 
5.1 Near the landing door, the illumination of the natural or artificial lighting of the landing station on the ground shall not be less than 50 lux. 
5.2 The minimum floor spacing: when the door is opened by two split doors, it shall not be less than (opening height+560) mm; The side opening of two doors shall not be less than (opening height+620) mm. 
6. After the installation of the elevator, necessary civil backfilling and decoration, such as: the perimeter of the door jamb, the traction machine steel beam (concrete pier), etc. 
7. Definitions of layout drawing terms 
a. Pit depth: The vertical distance between the decorative floor surface of the bottom landing station and the bottom surface of the hoistway 
b. Floor height: The vertical distance between two adjacent decorative floors 
c. Travel: The vertical distance from the decorative floor of the lowest floor parking station to the decorative floor of the top floor parking station 
d. Overhead:  The minimum vertical distance between the decorative floor of the top floor parking station and the top of the hoistway (excluding hooks/beams, etc.) 
e. Machine room height: The minimum vertical distance between the decorative floor and the top (excluding hooks/beams, etc.) in the machine room 
8. This notice is a part of the elevator civil engineering layout of Hyundai (China) Elevator Co., Ltd.","горизонтальная высота открытия земли. Также может быть заменена стальными балками с соответствующей прочностью. Если стенка шахты лифта представляет собой монолитную бетонную конструкцию, то кольцевой балкой не требуется, а минимальная толщина стенки шахты лифта составляет 0,15 м. 
3.10 Шахта лифта должна использоваться исключительно для лифтов, и в шахте не должно быть установлено оборудования, кабелей и т.д., не относящихся к лифтам. 
3.11 Шахта должна быть оборудована постоянным электрическим освещением, которое может быть включено даже при закрытых дверях во время обслуживания и ремонта. Требования к освещению: ≥ 50lx на высоте 1 м над крышей кабины и полом ямы, ≥ 20lx в других зонах. Проводка освещения шахты не должна быть открытой с пластиковыми изоляционными проводами. 
4. Яма
4.1 Нижняя часть шахты должна быть оборудована ямой и дренажным устройством. Яма не должна протекать или просачиваться, а дно ямы должно быть гладким и ровным. 
4.2 Шахта лифта не должна располагаться в зоне, доступной для людей. Если есть пространство, доступное для людей под кабиной лифта или противовесом, дно ямы шахты должно быть спроектировано с минимальной нагрузкой 5000 Н/м2, а буфер противовеса должен быть установлен на прочном свайном основании, которое уходит в твердую землю. 
4.3 Для обеспечения безопасного доступа обслуживающего персонала в яму, в яме должно быть установлено постоянное вертикальное лестничное устройство для входа в яму через дверцу landing. Это устройство должно быть закреплено на стене ямы и не должно выступать в пространство для работы лифта. 
4.4 В яме должно быть установлено электрическое гнездо (так же, как в статье 2.14). 
4.5 Когда глубина ямы превышает 2500 мм, рекомендуется, чтобы клиенты сами обеспечили платформу для обслуживания для удобства проверки и обслуживания.
5. Лестничная площадка 
5.1 Вблизи дверцы landing освещение естественным или искусственным светом на уровне landing не должно быть менее 50 люкс. 
5.2 Минимальное расстояние между этажами: когда дверь открывается двумя раздельными дверями, оно не должно быть менее (высота открытия + 560) мм; Боковое открытие двух дверей не должно быть менее (высота открытия + 620) мм. 
6. После установки лифта необходимо выполнить необходимые земляные работы и отделку, такие как: периметр дверной коробки, стальная балка тяговой машины (бетонный пьедестал) и т.д. 
7. Определения терминов чертежа расположения 
a. Глубина ямы: вертикальное расстояние между декоративной поверхностью пола нижней landing и нижней поверхностью шахты 
b. Высота этажа: вертикальное расстояние между двумя смежными декоративными полами 
c. Проезд: вертикальное расстояние от декоративного пола нижней станции парковки до декоративного пола верхней станции парковки 
d. Над головой: минимальное вертикальное расстояние между декоративным полом верхней станции парковки и верхом шахты (без учета крюков/балок и т.д.) 
e. Высота машинного помещения: минимальное вертикальное расстояние между декоративным полом и верхом (без учета крюков/балок и т.д.) в машинном помещении 
8. Это уведомление является частью гражданского проектирования лифта Hyundai (Китай) Elevator Co., Ltd."
Ø635,Ø635
≥1100,≥1100
≥300,≥300
"* CYCLE
CH: OVERALL HEIGHT OF THE CAR INTERIOR
HH: DOOR HEIGHT
PLEASE REFER TO ELEVATOR SPECIFICATION.","* ЦИКЛ
CH: ОБЩАЯ ВЫСОТА ВНУТРИ КАБИНЫ
HH: ВЫСОТА ДВЕРИ
ПОЖАЛУЙСТА, ССЫЛАЙТЕСЬ НА ТЕХНИЧЕСКИЕ ХАРАКТЕРИСТИКИ ЛИФТА."
"*This notice is a part of the elevator civil engineering layout of Hyundai (China) Elevator Co., Ltd.","*Это уведомление является частью гражданского проектирования лифта Hyundai (Китай) Elevator Co., Ltd."
"1. SAFE AREA 
2. FIREFIGHTERS LIFT 
3. NORMAL LIFT 
4. INTERMEDIATE FIRE WALL, IF REQUIRED BY NATIONAL BUILDING REGULATIONS    
5. SAFE AREA
6. TO ESCAPE ROUTE","1. БЕЗОПАСНАЯ ЗОНА 
2. ЛИФТ ДЛЯ ПОЖАРНЫХ 
3. НОРМАЛЬНЫЙ ЛИФТ 
4. ПРОМЕЖУТОЧНАЯ ПОЖАРНАЯ СТЕНА, ЕСЛИ ЭТО ТРЕБУЕТСЯ НОРМАТИВНЫМИ АКТАМИ СТРОИТЕЛЬСТВА 
5. БЕЗОПАСНАЯ ЗОНА
6. ДЛЯ ЭВАКУАЦИИ"
1495,1495
2750,2750
2800,2800
3020,3020
3400,3400
3670,3670
4150,4150
4300,4300
4420,4420
4470,4470
4570,4570
4620,4620
"5.1 Environment/building requirements
5.1.1 The firefighters lift is located in a well with a safe area in front of every landing door which is used for firefighting operations. In front of every landing door a safe area, a fire shutter or a fire door shall be provided.
NOTE  The purpose of safe areas is to protect the lift well, firefighters and those who may be waiting to be evacuated against fire, heat and smoke and in addition to allow the self rescue as described in 5.4. The minimum dimensions of each safe area are given by national regulations.
5.1.3 The level of fire resistance of the lift well shall also apply to any of the following: the walls and doors of safe areas, fire doors, fire shutters, doors to machinery spaces, pulley and machine rooms. If there are other lifts in the same well, then the entire common well shall fulfil the fire resistance requirements of firefighters lift wells. See Annex B. It is not necessary that other lifts shall remain in operation but it shall be ensured that a malfunction of another lift does not have any adverse influence of the function of the firefighters lift.
5.1.4 Any lift landing door which is not intended to be used by firefighters and which does not have a safe area shall be protected by a fire shutter or a fire door classified in line with the lift well structure and national regulations (see Figure B.3).","5.1 Требования к окружающей среде/зданию
5.1.1 Лифт для пожарных расположен в шахте с безопасной зоной перед каждой дверцей landing, которая используется для операций по тушению пожара. Перед каждой дверцей landing должна быть предусмотрена безопасная зона, противопожарная завеса или противопожарная дверь.
ПРИМЕЧАНИЕ Цель безопасных зон заключается в защите шахты лифта, пожарных и тех, кто может ожидать эвакуации от огня, тепла и дыма, а также в обеспечении самоспасения, как описано в 5.4. Минимальные размеры каждой безопасной зоны определяются национальными нормами.
5.1.3 Уровень огнестойкости шахты лифта также должен применяться к любым из следующих: стенам и дверям безопасных зон, противопожарным дверям, противопожарным завесам, дверям в машинные помещения, блокам и машинным залам. Если в одной шахте находятся другие лифты, то вся общая шахта должна соответствовать требованиям огнестойкости шахт для лифтов пожарных. См. Приложение B. Не обязательно, чтобы другие лифты оставались в эксплуатации, но необходимо обеспечить, чтобы неисправность другого лифта не оказала негативного влияния на работу лифта для пожарных.
5.1.4 Любая дверца landing, которая не предназначена для использования пожарными и не имеет безопасной зоны, должна быть защищена противопожарной завесой или противопожарной дверью, классифицированной в соответствии со структурой шахты лифта и национальными нормами (см. Рисунок B.3)."
"5.2 Fundamental firefighters lift requirements
5.2.2 The size of the firefighters lift shall be in accordance with national regulations and preferably be selected from ISO 8100-30:2019. At no time shall the size be less than 1100 mm wide by 1400 mm deep with a rated load of 630 kg See also Introduction.
The clear entrance width to the car shall be a minimum of 800 mm.
5.2.3 Where the intended use of the firefighters lift is to include evacuation, to accommodate such items as a stretcher or bed, then the minimum rated load shall be 1 000 kg and the minimum dimensions of the car 1100 mm wide by 2100 mm deep. See also Introduction.
NOTE  For firefighters lifts national regulations can impose greater dimensions and rated loads.
5.2.7 When the distance between consecutive landing doorsills exceeds 7 m, intermediate emergency doors shall be provided, such that the distance between sills is not more than 7 m. Additional consideration shall be made to the maximum length of the ladder as defined in 5.4.2.4.
The floor distance may be greater when appropriate calculations with a 6 m long ladder are provided.See 5.4.2.4","5.2 Основные требования к лифту для пожарных
5.2.2 Размер лифта для пожарных должен соответствовать национальным нормам и предпочтительно быть выбран из ISO 8100-30:2019. В любое время размер не должен быть менее 1100 мм в ширину и 1400 мм в глубину с номинальной нагрузкой 630 кг. См. также Введение.
Ширина входа в кабину должна быть не менее 800 мм.
5.2.3 Если предполагаемое использование лифта для пожарных включает эвакуацию, чтобы разместить такие предметы, как носилки или кровать, то минимальная номинальная нагрузка должна составлять 1000 кг, а минимальные размеры кабины 1100 мм в ширину и 2100 мм в глубину. См. также Введение.
ПРИМЕЧАНИЕ Для лифтов для пожарных национальные нормы могут накладывать большие размеры и номинальные нагрузки.
5.2.7 Когда расстояние между последовательными порогами дверей превышает 7 м, должны быть предусмотрены промежуточные аварийные двери, так чтобы расстояние между порогами не превышало 7 м. Дополнительное внимание должно быть уделено максимальной длине лестницы, как определено в 5.4.2.4.
Расстояние между этажами может быть больше, когда предоставлены соответствующие расчеты с 6-метровой лестницей. См. 5.4.2.4"
"5.3  Protection of electrical equipment against water (see Annex D)
5.3.2 Any electrical equipment which is located less than 1,0 m above the lift pit floor shall be protected to IP67. The socket outlet and lowest lamp of the lighting of the well shall be located at least0,5 m above the highest permissible water level in the pit. See Annex D.
NOTE The highest permissible water level in the pit is set by negotiation and assumed to be no greater than0,5 m.
5.3.3 Electrical equipment in machinery spaces outside of the well shall be protected from malfunction caused by water.
5.3.4 Permanent means, such as measures such as defined in E.2, are strongly preferred and should be provided to effectively prevent water ingress into the lift well. Where such adequate measures are not provided,measures such as in E.3 shall:
― ensure that the water level in the pit will not rise above the level of the fully compressed car buffer;and
― prevent the water level in the pit from reaching equipment which could create a malfunction of the firefighters lift. See 1.2.
5.7.1 Any compartment containing the lift machine and its associated equipment shall be provided with at least the same degree of fire protection as is given to the lift well.
5.7.2 Wherever any machinery space is located outside of the well and outside of a fire compartment it shall be protected with at least the same fire resistance as the fire compartment(s). Any connection(e.g. electrical cables, hydraulic pipes, etc.) between fire compartments shall be likewise protected.
The locations of the lift main switch, emergency and testing panel or machine room should be includedin a label at the fire service access level. See l.8.
5.9 Power supplies for firefighters lifts
5.9.1 The power supply system of the lift, lighting and fire service communication system shall consist of primary and secondary (emergency, standby or alternative) power supplies. The level of fire protection shall be in line with national regulations or requirements and at least equal to that given to the lift well.See 1.2 and Annex C.
5.9.2 The secondary power supply shall be sufficient to run the firefighters lift at the rated load and rated speed for a period equal to the fire resistance structure. The car and well lighting shall be also supplied by secondary power supply.See Introduction.
5.10 Changeover and interruption of electrical supplies
When the power supply is re-established the lift shall become available for service within 1 min. If the lift needs to move to establish its position, it shall not move more than one floor and towards the fire service access level and indicate its position.","5.3 Защита электрического оборудования от воды (см. Приложение D)
5.3.2 Любое электрическое оборудование, расположенное менее чем на 1,0 м выше пола ямы лифта, должно быть защищено до IP67. Розетка и нижняя лампа освещения шахты должны находиться не менее чем на 0,5 м выше максимального допустимого уровня воды в яме. См. Приложение D.
ПРИМЕЧАНИЕ Максимальный допустимый уровень воды в яме устанавливается по согласованию и предполагается, что он не превышает 0,5 м.
5.3.3 Электрическое оборудование в машинных помещениях вне шахты должно быть защищено от неисправностей, вызванных водой.
5.3.4 Постоянные средства, такие как меры, определенные в E.2, предпочтительны и должны быть предоставлены для эффективной защиты от проникновения воды в шахту лифта. Если такие адекватные меры не предусмотрены, меры, такие как в E.3, должны:
― гарантировать, что уровень воды в яме не поднимется выше уровня полностью сжатого буфера кабины; и
― предотвратить подъем уровня воды в яме до оборудования, которое может вызвать неисправность лифта для пожарных. См. 1.2.
5.7.1 Любое помещение, содержащее лифтовую машину и связанное с ней оборудование, должно иметь как минимум такой же уровень огнезащиты, как и шахта лифта.
5.7.2 В любом случае, когда машинное помещение расположено вне шахты и вне огнезащитного отсека, оно должно быть защищено как минимум с тем же уровнем огнестойкости, что и огнезащитные отсеки. Любое соединение (например, электрические кабели, гидравлические трубы и т.д.) между огнезащитными отсеками также должно быть защищено.
Места расположения главного выключателя лифта, панели аварийного и тестирования или машинного помещения должны быть указаны на ярлыке на уровне доступа службы пожарной безопасности. См. 1.8.
5.9 Электроснабжение для лифтов для пожарных
5.9.1 Система электроснабжения лифта, освещения и системы связи службы пожарной безопасности должна состоять из первичных и вторичных (аварийных, резервных или альтернативных) источников питания. Уровень огнезащиты должен соответствовать национальным нормам или требованиям и быть как минимум равным тому, который предоставляется шахте лифта. См. 1.2 и Приложение C.
5.9.2 Вторичный источник питания должен быть достаточным для работы лифта для пожарных с номинальной нагрузкой и номинальной скоростью на период, равный огнестойкости конструкции. Освещение кабины и шахты также должно обеспечиваться вторичным источником питания. См. Введение.
5.10 Переключение и прерывание электроснабжения
Когда электроснабжение восстанавливается, лифт должен стать доступным для обслуживания в течение 1 минуты. Если лифт нуждается в перемещении для установления своего положения, он не должен двигаться более чем на один этаж и в сторону уровня доступа службы пожарной безопасности и указывать свое положение."
"5.4.3 RESCUE FROM OUTSIDE THE CAR 

MEANS OF RESCUE SUCH AS:

A) PORTABLE LADDERS;
B) SAFETY ROPE SYSTEMS, WHERE SAFE FIXING POINTS FOR THE RESCUE MEANS ARE PROVIDED IN THE VICINITY OF EACH LANDING;

MAY BE USED.

NOTE :  HOWEVER, ALL SUCH MEANS COME UNDER THE RESPONSIBILITY OF THE LOCAL AUTHORITIES AND NOT THE LIFT MANUFACTURER.","5.4.3 ЭВАКУАЦИЯ ИЗ-ЗА ПРЕДЕЛОВ КАБИНЫ 

СРЕДСТВА ЭВАКУАЦИИ, ТАКИЕ КАК:

A) ПОРТАТИВНЫЕ ЛЕСТНИЦЫ;
B) СИСТЕМЫ БЕЗОПАСНОСТИ, ГДЕ БЕЗОПАСНЫЕ ТОЧКИ КРЕПЛЕНИЯ ДЛЯ СРЕДСТВ ЭВАКУАЦИИ ПРЕДУСМОТРЕНЫ В БЛИЗОСТИ КАЖДОЙ ЛЕСТНИЧНОЙ ПЛОЩАДКЕ;

МОГУТ БЫТЬ ИСПОЛЬЗОВАНЫ.

ПРИМЕЧАНИЕ: ТЕМ НЕ МЕНЕЕ, ВСЕ ТАКИЕ СРЕДСТВА ПОДЛЕЖАТ ОТВЕТСТВЕННОСТИ МЕСТНЫХ ВЛАСТЕЙ, А НЕ ПРОИЗВОДИТЕЛЯ ЛИФТОВ."
"5.4.4 [SELF-RESCUE INSIDE THE CAR] 
  
THE LENGTH OF THE LADDER ATTACHED TO THE OUTSIDE OF THE CAR SHALL BE SUCH THAT IT CAN REACH THE LANDING DOOR LOCK ON THE UPPER LEVEL WHEN THE CAR IS AT THE SAME HEIGHT AS THE PLATFORM.
HOWEVER, IF THE PLATFORM DOOR LOCK CAN NOT BE REACHED, IT SHALL BE SO ARRANGED THAT IT CAN BE REACHED BY A PERMANENTLY FIXED LADDER TO THE HOISTWAY.","5.4.4 [САМОСПАСЕНИЕ ВНУТРИ КАБИНЫ] 
  
ДЛИНА ЛЕСТНИЦЫ, ПРИКРЕПЛЕННОЙ К НАРУЖНОЙ СТОРОНЕ КАБИНЫ, ДОЛЖНА БЫТЬ ТАКОЙ, ЧТОБЫ ОНА МОГЛА ДОСТИГНУТЬ ЗАМОК ДВЕРИ ПЛАТФОРМЫ НА ВЕРХНЕМ УРОВНЕ, КОГДА КАБИНА НАХОДИТСЯ НА ОДНОМ УРОВНЕ С ПЛАТФОРМОЙ.
ОДНАКО, ЕСЛИ ЗАМОК ДВЕРИ ПЛАТФОРМЫ НЕЛЬЗЯ ДОСТИГНУТЬ, ОНА ДОЛЖНА БЫТЬ УСТАНОВЛЕНА ТАК, ЧТОБЫ ЕЕ МОЖНО БЫЛО ДОСТИГНУТЬ ПОСТОЯННО УСТАНОВЛЕННОЙ ЛЕСТНИЦЕЙ К ШАХТЕ."
750,750
"Automatic change-
over switchgear",Автоматический переключатель переключения
CH-HH+2900mm EXCESS LAYER,CH-HH+2900мм ИЗБЫТОЧНЫЙ СЛОЙ
DEPTH:1400 (min),ГЛУБИНА: 1400 (мин)
DEPTH:2100 (min),ГЛУБИНА:2100 (мин)
Distribution,Распределение
EMERGENCY ELEVATOR SIZE - FOR BED,РАЗМЕР АВАРИЙНОГО ЛИФТА - ДЛЯ КРОВАТИ
EMERGENCY ELEVATOR SIZE - STANDARD USE,РАЗМЕР АВАРИЙНОГО ЛИФТА - ДЛЯ СТАНДАРТНОГО ИСПОЛЬЗОВАНИЯ
"FIGURE B.1 -BASIC LAYOUT OF A SINGLE 
FIREFIGHTERS LIFT AND SAFE AREA","РИСУНОК B.1 - ОСНОВНАЯ СХЕМА ОДНОГО 
ЛИФТА ДЛЯ ПОЖАРНЫХ И БЕЗОПАСНОЙ ЗОНЫ"
"FIGURE B.2- BASIC LAYOUT OF A FIREFIGHTERS 
LIFT IN A MULTIPLE WELL AND SAFE AREA","РИСУНОК B.2 - ОСНОВНАЯ СХЕМА ЛИФТА ДЛЯ ПОЖАРНЫХ 
В МНОГОКОЛОННОМ ШАХТЕ И БЕЗОПАСНОЙ ЗОНЕ"
"FIGURE B.3- BASIC LAYOUT OF A DUAL ENTRY CAR 
IN A MULTIPLE WELL AND SAFE AREAS","РИСУНОК B.3 - ОСНОВНАЯ СХЕМА ДВУХВХОДНОГО АВТОМОБИЛЯ 
В МНОГОКОЛОННОМ ШАХТЕ И БЕЗОПАСНЫХ ЗОНАХ"
FIREFIGHTERS LIFTS TECHNICAL REQUIREMENTS,ТЕХНИЧЕСКИЕ ТРЕБОВАНИЯ К ЛИФТАМ ДЛЯ ПОЖАРНЫХ
"FOR BED
RATED LOAD
1000Kg(min)","ДЛЯ КРОВАТИ
РЕЙТИНГОВАЯ НАГРУЗКА
1000Кг(мин)"
Figure C.1：Example of power supplies for firefighters lifts,Рисунок C.1: Пример источников питания для лифтов для пожарных
Firefighters lifts,Лифты для пожарных
LADDER SUPPLY RANGE,ДИАПАЗОН ПОСТАВКИ ЛЕСТНИЦЫ
NEED TO MODIFY,НЕОБХОДИМО ИЗМЕНИТЬ
"Normal lifts (Not 
required to be fed by
secondary supply）","Обычные лифты (Не 
требуется питание от
вторичного источника）"
Normal supply,Обычное питание
"Other critical
building services","Другие критически важные
строительные услуги"
"Other lifts in
group with 
firefighters lifts","Другие лифты в
gруппе с 
пожарными лифтами"
"Primary supply or 
supplies","Основное питание или 
поставки"
RAIL BRACKET PITCH(FROM TOP TO BOTTOM)  1000X2+1500X4+1000+1500X6+1000+1500X6+1000+1500X6+1000+1500X6+1000+1500X6+1000+1500X6+1200+1500X3+1000=74700,УГОЛОК РЕЛЬСА (СВЕРХУ ВНИЗ)  1000X2+1500X4+1000+1500X6+1000+1500X6+1000+1500X6+1000+1500X6+1000+1500X6+1000+1500X6+1200+1500X3+1000=74700
RAIL BRACKET PITCH(FROM TOP TO BOTTOM)  1250X2+1500+1000+1500X6+1000+1500X6+1000+1500X6+1000+1500X6+1000+1500X6+1000+1500X6+1200+1500X3+1000=70700,УГОЛОК РЕЛЬСА (СВЕРХУ ВНИЗ)  1250X2+1500+1000+1500X6+1000+1500X6+1000+1500X6+1000+1500X6+1000+1500X6+1000+1500X6+1200+1500X3+1000=70700
RAIL BRACKET PITCH(FROM TOP TO BOTTOM)  1400X2+1500+1000+1500X6+1000+1500X6+1000+1500X6+1000+1500X6+1000+1500X6+1000+1500X6+1200+1500X3+1000=71000,УГОЛОК РЕЛЬСА (СВЕРХУ ВНИЗ)  1400X2+1500+1000+1500X6+1000+1500X6+1000+1500X6+1000+1500X6+1000+1500X6+1000+1500X6+1200+1500X3+1000=71000
RAIL BRACKET PITCH(FROM TOP TO BOTTOM)  850X2+1500X4+1000+1500X6+1000+1500X6+1000+1500X6+1000+1500X6+1000+1500X6+1000+1500X6+1200+1500X3+1000=74400,УГОЛОК РЕЛЬСА (СВЕРХУ ВНИЗ) 850X2+1500X4+1000+1500X6+1000+1500X6+1000+1500X6+1000+1500X6+1000+1500X6+1000+1500X6+1200+1500X3+1000=74400
RAIL BRACKET PITCH(FROM TOP TO BOTTOM) 1100X2+1500+1000+1500X6+1000+1500X6+1000+1500X6+1000+1500X6+1000+1500X6+1200+1500X9=68400,УГОЛОК РЕЛЬСА (СВЕРХУ ВНИЗ) 1100X2+1500+1000+1500X6+1000+1500X6+1000+1500X6+1000+1500X6+1000+1500X6+1200+1500X9=68400
RAIL BRACKET PITCH(FROM TOP TO BOTTOM) 1250X2+1500+1000+1500X6+1000+1500X6+1000+1500X6+1000+1500X6+1000+1500X6+1200+1500X3+1000=60700,УГОЛОК РЕЛЬСА (СВЕРХУ ВНИЗ) 1250X2+1500+1000+1500X6+1000+1500X6+1000+1500X6+1000+1500X6+1000+1500X6+1200+1500X3+1000=60700
RAIL BRACKET PITCH(FROM TOP TO BOTTOM) 1250X2+1500X5+1000+1500X6+1000+1500X6+1200+1500X3+1000=36700,УГОЛОК РЕЛЬСА (СВЕРХУ ВНИЗ) 1250X2+1500X5+1000+1500X6+1000+1500X6+1200+1500X3+1000=36700
RAIL BRACKET PITCH(FROM TOP TO BOTTOM) 1300+1500X2+1000+1500X6+1000+1500X6+1000+1500X6+1000+1500X6+1000+1500X6+1000+1500X6+1200+1500X3+1000=71000,УГОЛОК РЕЛЬСА (СВЕРХУ ВНИЗ) 1300+1500X2+1000+1500X6+1000+1500X6+1000+1500X6+1000+1500X6+1000+1500X6+1000+1500X6+1200+1500X3+1000=71000
RAIL BRACKET PITCH(FROM TOP TO BOTTOM) 1300X2+1500+1000+1500X6+1000+1500X6+1000+1500X6+1000+1500X6+1000+1500X6+1000+1500X6+1200+1500X3+1000=70800,УГОЛОК РЕЛЬСА (СВЕРХУ ВНИЗ) 1300X2+1500+1000+1500X6+1000+1500X6+1000+1500X6+1000+1500X6+1000+1500X6+1000+1500X6+1200+1500X3+1000=70800
RAIL BRACKET PITCH(FROM TOP TO BOTTOM) 1400X2+1500+1000+1500X6+1000+1500X6+1000+1500X6+1000+1500X6+1000+1500X6+1200+1500X3+1000=61000,УГОЛОК РЕЛЬСА (СВЕРХУ ВНИЗ) 1400X2+1500+1000+1500X6+1000+1500X6+1000+1500X6+1000+1500X6+1000+1500X6+1200+1500X3+1000=61000
RAIL BRACKET PITCH(FROM TOP TO BOTTOM) 950X2+1500+1000+1500X6+1000+1500X6+1000+1500X6+1000+1500X6+1000+1500X6+1200+1500X9=68100,УГОЛОК РЕЛЬСА (СВЕРХУ ВНИЗ) 950X2+1500+1000+1500X6+1000+1500X6+1000+1500X6+1000+1500X6+1000+1500X6+1200+1500X9=68100
RAIL BRACKET PITCH(FROM TOP TO BOTTOM)1300+1500+1000+1500X6+1000+1500X6+1200+1500X9=37500,УГОЛОК РЕЛЬСА (СВЕРХУ ВНИЗ)1300+1500+1000+1500X6+1000+1500X6+1200+1500X9=37500
RAIL PITCH(FROM TOP TO BOTTOM) 5000 X 6 = 30000,УГОЛОК РЕЛЬСА (СВЕРХУ ВНИЗ) 5000 X 6 = 30000
RAIL PITCH(FROM TOP TO BOTTOM) 5000 X 7 = 35000,УГОЛОК РЕЛЬСА (СВЕРХУ ВНИЗ) 5000 X 7 = 35000
"RATED LOAD
630Kg(min)","НАГРУЗКА
630Кг(мин)"
"Secondary supply or
supplies","Вторичное питание или
поставки"
Supply protected against the effect of fire,Питание защищено от воздействия огня
"[CONSTRUCTION SECTION / LOCATION]

<LADDER PART OF HOISTWAY>
\~\~\~\~ FIXED LADDERS IN ACCORDANCE WITH 5.2.2.5 B), C) AND E) OF EN 81-20:2014 , LOCATED WITHIN 0,75 M FROM THE SILL OF THE LANDING ENTRANCE ABOVE.","[РАЗДЕЛ СТРОИТЕЛЬСТВА / МЕСТОПОЛОЖЕНИЕ]

<ЧАСТЬ ЛЕСТНИЦЫ ЛИФТОВОГО ШАХТА>
\~\~\~\~ ФИКСИРОВАННЫЕ ЛЕСТНИЦЫ В СООТВЕТСТВИИ С 5.2.2.5 B), C) И E) EN 81-20:2014, РАСПОЛОЖЕННЫЕ В 0,75 М ОТ ПОДА ЛИФТОВОГО ВХОДА ВВЕРХУ."
